zipcode,congress,congressperson,rep,representative,actual_rep_name
31905,,,,,['Rogers' 'Bishop']
35044,,{'Sewell'},,,['Rogers']
35128,,{'Sewell'},,,['Rogers' 'Palmer']
35150,,,,,['Rogers' 'Palmer']
35973,,,,,['Rogers' 'Aderholt']
36088,,,,,['Rogers']
36130,,{'Byrne'},,{'Allen'},['Rogers']
36832,,,,,['Rogers']
36853,,,,,['Rogers']
35111,,,,,['Palmer' 'Sewell']
35117,,,,,['Palmer' 'Sewell']
35182,,,,,['Palmer']
35216,,,,,['Palmer']
35255,,,,,['Palmer']
36006,,,,,['Palmer' 'Roby']
35452,,,,,['Sewell' 'Aderholt']
36030,,,,,['Sewell' 'Roby']
36435,,,,,['Sewell']
36726,,,,,['Sewell']
36741,,,,,['Sewell']
36754,{'Abraham'},,,,['Sewell']
36916,,,,,['Sewell']
35549,,,,,['Aderholt']
35564,,,,,['Aderholt']
35776,,,,,['Aderholt' 'Brooks']
35902,,,,,['Aderholt']
35974,,,,,['Aderholt']
36009,,,,,['Roby']
36024,,,,,['Roby']
36042,{'Cook'},{'Byrne'},,,['Roby']
36323,,,,,['Roby']
36421,,,,,['Roby']
35611,,,{'Turner'},,['Brooks']
35632,,,,,['Brooks']
35762,,,,,['Brooks']
35813,,,,,['Brooks']
35898,,{'Aderholt'},,,['Brooks']
36480,,,,,['Byrne']
36512,,{'Schneider'},,,['Byrne']
36526,,,,,['Byrne']
36613,,,,,['Byrne']
85012,,,,,['Gallego' 'Stanton']
85016,,,,,['Gallego' 'Stanton']
85033,,,,,['Gallego' 'Grijalva']
85303,,,,,['Gallego' 'Lesko']
85282,,,,,['Stanton']
85054,,{'Gallego'},,,['Schweikert']
85259,,,,,['Schweikert']
85261,,,,,['Schweikert']
85622,,,,{'Green'},['Grijalva' 'Kirkpatrick']
85634,,,,,['Grijalva']
85719,,,,,['Grijalva' 'Kirkpatrick']
85302,,,,,['Lesko']
85361,,,,,['Lesko' 'Gosar']
85388,,{'Gallego'},"{'Keller', 'Williams'}",,['Lesko']
85178,,,,,['Gosar']
85212,{'Cook'},,,,['Gosar' 'Biggs']
85545,,,,,['Gosar']
85554,,,,,['Gosar']
86338,,,,,['Gosar']
86412,,,,,['Gosar']
85207,{'Cook'},,,,['Biggs']
85131,,,,,"[""O'Halleran""]"
85192,,,,,"[""O'Halleran""]"
85718,,,,,"[""O'Halleran"" 'Kirkpatrick']"
85925,,,,,"[""O'Halleran""]"
85937,,{'Gosar'},,,"[""O'Halleran""]"
85938,{'Rogers'},,,,"[""O'Halleran""]"
85942,,,,,"[""O'Halleran""]"
86434,,,,,"[""O'Halleran""]"
85606,,,,,['Kirkpatrick']
72672,,,,,['Womack']
72722,,,,,['Womack']
72733,,,,,['Womack']
72811,,,,,['Womack']
72957,,,,,['Womack']
71762,,{'Turner'},,,['Westerman']
71835,,,,,['Westerman']
71922,,,,,['Westerman']
71933,,,,,['Westerman']
72129,,,,,['Westerman']
72168,,,,,['Westerman' 'Crawford']
72721,,,,,['Westerman']
72839,{'Johnson'},,{'Womack'},,['Westerman']
72863,,,,,['Westerman']
72949,,,,,['Westerman']
71674,,{'Green'},,,['Crawford']
72339,,{'Cuellar'},,,['Crawford']
72394,,{'Cohen'},,,['Crawford']
72461,,,,,['Crawford']
72538,,,,,['Crawford']
72569,,,,,['Crawford']
72016,,{'McGovern'},,,['Hill']
72068,,,,,['Hill']
72204,,,{'Smith'},{'Allen'},['Hill']
72210,,,,,['Hill']
72211,{'Cook'},,,,['Hill']
72216,,{'Peterson'},,{'Wilson'},['Hill']
95658,,,,,['LaMalfa' 'McClintock']
95953,,,,,['LaMalfa' 'Garamendi']
96021,,,,,['LaMalfa']
96031,,,,,['LaMalfa']
96039,,,,,['LaMalfa']
96116,,,,,['LaMalfa']
90015,,,,,['Roybal-Allard' 'Bass' 'Gomez' 'Torres']
90019,,,,,['Roybal-Allard' 'Bass' 'Gomez']
90063,,,,,['Roybal-Allard' 'Gomez' 'Chu']
90221,,,,,['Roybal-Allard' 'Barragán']
90270,,{'Sherman'},,,['Roybal-Allard']
90045,,{'Sherman'},,,['Waters' 'Bass']
90061,,{'Sherman'},,,['Waters' 'Barragán']
90501,,{'Sherman'},,{'Cisneros'},['Waters']
90510,,,,,['Waters']
90744,,,,,['Barragán' 'Lieu' 'Lowenthal']
90810,"{'Cook', 'Long'}",,,,['Barragán' 'Lowenthal']
90005,,,,,['Bass' 'Schiff' 'Lieu' 'Gomez']
90048,,{'Sherman'},,,['Bass' 'Schiff' 'Lieu']
90291,,,{'Cook'},,['Bass' 'Lieu']
91040,,,,{'Carbajal'},['Schiff' 'Cárdenas']
91042,,,,,['Schiff']
91502,,,,,['Schiff']
90076,,{'Sherman'},,,['Lieu']
90267,,,,,['Lieu']
90278,{'Cook'},,,,['Lieu']
90014,,,,,['Gomez']
91761,,,,,['Torres']
92337,,,,,['Torres']
90604,,{'Sherman'},,,['Sánchez']
90701,,,,,['Sánchez']
91733,,{'Sherman'},,,['Sánchez' 'Napolitano']
91711,,,,,['Napolitano' 'Chu']
91715,,{'Sherman'},,,['Napolitano']
91746,,{'Sherman'},,,['Napolitano' 'Cisneros']
91328,,,{'Sherman'},,['Chu']
91772,,{'Sherman'},,{'Gomez'},['Chu']
91803,,,,,['Chu']
93552,{'Hill'},{'Sherman'},{'Hill'},{'Hill'},['Chu']
91306,,,,,['Sherman']
91316,,,,,['Sherman']
91362,,,,,['Brownley']
93015,,,,,['Brownley']
93043,,,,,['Brownley']
92203,,,,,['Ruiz']
92211,,,,,['Ruiz']
92260,,,,,['Ruiz']
92373,,,,,['Ruiz' 'Aguilar' 'Cook' 'Takano']
92539,,,,,['Ruiz']
92865,,,,,['Cisneros' 'Correa']
90680,,,{'Stanton'},,['Correa' 'Lowenthal']
92705,,,,,['Correa' 'Porter']
92840,,,,,['Correa' 'Lowenthal']
90721,{'Cook'},{'Sherman'},,,['Lowenthal']
90844,{'Long'},,,{'Long'},['Lowenthal']
92628,,,,,['Rouda']
92662,,,,,['Rouda']
91116,,{'Sherman'},,,['Cárdenas']
91522,{'Cook'},{'Sherman'},,,['Cárdenas']
92350,,,,,['Aguilar']
92413,,{'Kim'},,,['Aguilar']
92280,,,,,['Cook']
92314,,{'Aguilar'},,,['Cook']
92363,,,,,['Cook']
92364,,,,,['Cook']
92371,,,,,['Cook']
92395,,,,,['Cook']
92508,,,,,['Takano' 'Calvert']
92513,,{'Calvert'},,,['Takano']
92571,,,,,['Takano' 'Calvert']
92532,,,,,['Calvert']
92592,,,,,['Calvert' 'Hunter']
91916,,{'Davis'},,,['Hunter']
91978,,,,,['Hunter' 'Davis']
92059,,,,,['Hunter']
91902,,,,,['Vargas' 'Davis']
92106,{'Scott'},,,{'Harris'},['Vargas' 'Peters']
92165,,"{'Peters', 'Scott'}","{'Adams', 'Davis'}",,['Vargas']
92273,,{'McHenry'},,,['Vargas']
92022,,"{'Peters', 'Scott'}",,,['Davis']
92110,,,,,['Davis' 'Peters']
92068,,,,,['Levin']
92083,{'Cook'},,,,['Levin']
92694,,,,,['Levin' 'Porter']
92135,{'Johnson'},{'Davis'},,"{'Clark', 'Scott'}",['Peters']
92138,{'Davis'},,,,['Peters']
92158,,,,,['Peters']
92603,,{'Calvert'},,,['Porter']
92610,,{'Calvert'},,,['Porter']
93274,,,,,['Nunes' 'Cox']
93385,,{'McCarthy'},,,['Nunes']
93618,,,,,['Nunes']
93631,,,,,['Nunes' 'Cox']
93670,,,,,['Nunes']
93710,,{'Costa'},,,['Nunes']
93014,,,,,['Carbajal']
93150,,,,,['Carbajal']
93403,,,,,['Carbajal']
93433,,{'Harris'},,,['Carbajal']
93436,,,,,['Carbajal']
93201,,{'Scott'},,,['Cox']
93250,{'Sherman'},{'Sherman'},,,['Cox']
93608,,,,,['Cox']
93207,,,,,['McCarthy']
93220,,,,,['McCarthy']
93262,,,,,['McCarthy']
93276,,,{'Marshall'},,['McCarthy']
93536,,,,,['McCarthy']
93902,,,,,['Panetta']
93940,,,,,['Panetta']
93953,,,,,['Panetta']
95003,,{'Lofgren'},,,['Panetta']
93602,,{'Nunes'},,,['McClintock']
93604,,,,,['McClintock']
93610,,,,,['McClintock' 'Costa']
93614,,,,,['McClintock']
93643,,{'Costa'},,,['McClintock']
95255,,,,,['McClintock']
95306,,{'Costa'},,,['McClintock']
95338,,{'Costa'},,,['McClintock']
93606,,{'Nunes'},,,['Costa']
93702,,,,,['Costa']
93760,,,,,['Costa']
93778,,,,,['Costa']
94038,,,,,['Speier']
94131,,,,,['Speier' 'Pelosi']
94132,,,,,['Speier' 'Pelosi']
94401,,,,,['Speier']
94108,,,,,['Pelosi']
94023,,,{'Panetta'},,['Eshoo']
94041,,,,,['Eshoo']
95070,,,{'Lofgren'},,['Eshoo' 'Khanna']
95123,{'Hayes'},,,,['Eshoo' 'Lofgren']
95035,,,,,['Khanna' 'Lofgren']
95127,,,,,['Khanna' 'Lofgren']
95161,{'Lofgren'},{'Lofgren'},{'Lofgren'},,['Khanna']
94603,,"{'Castro', 'Swalwell'}",{'Lofgren'},,['Lee']
94606,,,,,['Lee']
94707,,,,,['Lee' 'DeSaulnier']
94708,,,,,['Lee' 'DeSaulnier']
95674,,,,{'Clay'},['Garamendi']
95679,,,,,['Garamendi']
95979,,,,,['Garamendi']
94553,,,,,['Thompson' 'DeSaulnier']
94567,,,,,['Thompson']
94592,,"{'DeSaulnier', 'Costa'}",,,['Thompson']
95404,,,,,['Thompson' 'Huffman']
95407,,,,,['Thompson']
95476,,,,,['Thompson']
95492,,,{'Lofgren'},,['Thompson' 'Huffman']
94526,,,,,['Swalwell' 'DeSaulnier']
94537,,{'Lofgren'},,,['Swalwell']
94587,,,,,['Swalwell']
95377,{'Cook'},{'McNerney'},"{'McNerney', 'Palazzo'}","{'McNerney', 'Palazzo'}",['Swalwell' 'Harder']
94548,,,{'DeSaulnier'},,['McNerney']
95205,,,{'Lofgren'},,['McNerney']
95234,,,,,['McNerney']
95253,,,,,['McNerney']
95320,,,,,['McNerney' 'Harder']
94517,,,,,['DeSaulnier']
94520,,,,,['DeSaulnier']
94950,,,,,['Huffman']
95449,,,,,['Huffman']
95465,,,,,['Huffman']
95562,,,,,['Huffman']
95326,,,{'Lofgren'},,['Harder']
95376,,{'McNerney'},,,['Harder']
95155,,{'Khanna'},,,['Lofgren']
95829,,,,,['Matsui' 'Bera']
95833,,,,,['Matsui']
95841,,,,,['Matsui' 'Bera']
95611,,{'McClintock'},,,['Bera']
95866,,,,,['Bera']
80102,,,,,['Buck' 'DeGette' 'Crow']
80131,,{'Perlmutter'},,,['Buck']
80539,,,,,['Buck']
80648,,,,,['Buck']
80802,,,,,['Buck']
80831,,,,,['Buck' 'Lamborn']
80002,,,,,['Perlmutter']
80022,,,,,['Perlmutter' 'DeGette' 'Crow']
80127,,,,,['Perlmutter' 'DeGette' 'Neguse']
80215,,,,,['Perlmutter']
80303,{'Cook'},,,,['Perlmutter' 'Neguse']
80120,,,,,['DeGette' 'Crow']
80129,{'Cook'},,,,['Crow']
80160,,,,,['Crow']
80165,,,{'Murphy'},,['Crow']
80433,,,,,['Neguse']
80470,,,,,['Neguse']
80547,,,,,['Neguse']
80863,,,,,['Lamborn']
80907,{'Cook'},,,,['Lamborn']
80919,,,,,['Lamborn']
81242,,,,,['Lamborn']
80480,,,,,['Tipton']
81055,,{'Scott'},,,['Tipton']
81059,,,{'Buck'},,['Tipton']
81143,,,,,['Tipton']
81303,{'Adams'},,{'Ferguson'},,['Tipton']
81415,,,{'Hastings'},,['Tipton']
81419,,"{'Ruiz', 'Pelosi'}",,,['Tipton']
81520,,{'Scott'},,,['Tipton']
6026,,,,,['Larson' 'Hayes']
6033,,,,,['Larson' 'Courtney']
6037,,,,,['Larson' 'Hayes']
6074,,,,,['Larson']
6088,,{'Neal'},,,['Larson']
6098,,,{'Case'},,['Larson']
6708,,,,,['Hayes' 'DeLauro']
6710,,{'Larson'},,,['Hayes']
6783,,{'Himes'},,,['Hayes']
6403,,,{'Hill'},,['DeLauro']
6441,,{'Himes'},,,['DeLauro' 'Courtney']
6514,{'Sherman'},{'Himes'},,,['DeLauro']
6540,,,,,['DeLauro']
6770,{'Hill'},,,,['DeLauro']
6084,,,,,['Courtney']
6281,,{'Neal'},{'Hill'},,['Courtney']
6336,,,,,['Courtney']
6412,,,,,['Courtney']
6602,,,,,['Himes']
6902,,,,,['Himes']
6927,,,,,['Himes']
32054,,{'Burgess'},,,['Yoho']
32134,,,,,['Yoho' 'Waltz']
32160,,,,,['Yoho']
32234,,,,,['Yoho' 'Rutherford' 'Lawson']
32604,,,,,['Yoho']
32610,,,,,['Yoho']
32614,,{'Huffman'},,,['Yoho']
32081,,,,,['Rutherford']
32145,,,,,['Rutherford' 'Waltz']
32216,,,,,['Rutherford' 'Lawson']
32071,,,,,['Dunn']
32420,,,,,['Dunn']
32424,,,,,['Dunn']
32445,,,,,['Dunn']
32460,,,,,['Dunn']
32063,,{'Rutherford'},,,['Lawson']
32087,,{'Rutherford'},,,['Lawson']
32332,,,,,['Lawson']
32333,,,,,['Lawson']
32340,,,,,['Lawson']
32105,,"{'Heck', 'Kilmer'}",,,['Waltz']
32119,,{'Gaetz'},,,['Waltz']
32127,,,,,['Waltz']
32706,,,,,['Waltz']
32720,,,,,['Waltz']
32721,,,,,['Waltz']
32759,,,,,['Waltz' 'Posey']
32767,,{'Wexton'},,,['Waltz']
32163,,,,,['Webster']
34491,,,,,['Webster']
34602,,{'Crist'},,,['Webster' 'Bilirakis']
34604,,,{'Ferguson'},,['Webster' 'Bilirakis']
34636,,{'Craig'},,,['Webster']
32433,,,,,['Gaetz']
32502,,,,,['Gaetz']
32505,,,,,['Gaetz']
32516,,"{'Takano', 'Clyburn'}","{'Takano', 'Clyburn'}",,['Gaetz']
32562,,{'Bilirakis'},{'Bilirakis'},{'Bilirakis'},['Gaetz']
32703,,,,,['Murphy' 'Demings']
32714,,{'Demings'},,,['Murphy']
32793,,"{'Webster', 'Demings'}",,,['Murphy']
32822,,,,,['Murphy' 'Demings' 'Soto']
32798,,{'Webster'},,,['Demings']
32805,,{'Soto'},,,['Demings']
32819,,,,,['Demings']
32836,,,,,['Demings']
32839,,,,,['Demings']
34734,,{'Soto'},,,['Demings']
34740,,,,,['Demings']
34747,,,,,['Demings' 'Soto']
34951,,,,,['Posey' 'Mast']
32872,,,,,['Soto']
33825,,,,,['Soto' 'Steube']
33880,,,,,['Soto' 'Steube' 'Spano']
34770,,,,,['Soto']
33407,,,,,['Mast' 'Hastings' 'Frankel']
34985,,,,,['Mast']
33033,,,,,['Mucarsel-Powell']
33092,,,,,['Mucarsel-Powell']
33193,,{'Wilson'},,,['Mucarsel-Powell']
33194,,{'Hastings'},,,['Mucarsel-Powell' 'Diaz-Balart']
33265,,{'Hastings'},,,['Mucarsel-Powell']
33014,,,,,['Diaz-Balart' 'Wilson']
33266,,{'DeGette'},,,['Diaz-Balart']
33024,,,{'Williams'},,['Wasserman Schultz' 'Wilson']
33025,,,,,['Wasserman Schultz' 'Wilson' 'Hastings']
33084,,{'Hastings'},,,['Wasserman Schultz']
33311,,,{'Williams'},{'Williams'},['Wasserman Schultz' 'Hastings' 'Deutch']
33318,,{'Hastings'},,,['Wasserman Schultz']
33332,,,,,['Wasserman Schultz' 'Hastings']
33128,,{'Hastings'},,{'Clark'},['Wilson' 'Shalala']
33132,,,,,['Wilson' 'Shalala']
33163,,{'Hastings'},,,['Wilson']
33179,,,,,['Wilson']
33238,,,,,['Wilson']
33261,,,,,['Wilson']
33066,,,,,['Hastings' 'Deutch']
33065,,,,,['Deutch']
33339,,{'Rose'},,,['Deutch']
33442,,,,,['Deutch']
33487,,,,,['Deutch' 'Frankel']
33149,,{'Hastings'},,,['Shalala']
33255,,"{'McClintock', 'Miller'}",,,['Shalala']
33448,,{'Schakowsky'},,,['Frankel']
33460,,,,,['Frankel']
33483,,,,,['Frankel']
33484,,,,,['Frankel']
33547,,,,,['Steube' 'Buchanan']
33953,,{'Buchanan'},,,['Steube']
34268,,,,,['Steube']
34287,,{'Buchanan'},,,['Steube']
34288,,{'Rooney'},,,['Steube']
33511,,,,,['Spano']
33578,,,,,['Spano' 'Buchanan']
33610,,{'Buchanan'},{'Hayes'},,['Spano' 'Castor']
33805,,{'Buchanan'},,,['Spano']
33544,,,,,['Bilirakis' 'Castor']
33763,,,,,['Bilirakis' 'Crist']
33765,,,,,['Bilirakis' 'Crist']
34680,,,,,['Bilirakis']
33614,,,,,['Castor']
34208,,,,,['Buchanan']
34209,,,,,['Buchanan']
34230,,,,,['Buchanan']
34280,,,,,['Buchanan']
33711,,{'Buchanan'},,,['Crist']
33747,,,,,['Crist']
33771,,,,,['Crist']
33965,,,,,['Rooney']
34135,,,,,['Rooney']
34146,,,,,['Rooney']
30014,,,,,['Johnson' 'Hice']
30033,,{'Woodall'},,,['Johnson' 'McBath' 'Lewis']
30039,,{'Woodall'},,,['Johnson']
30082,,,,,['Loudermilk' 'Scott']
30114,,,,,['Loudermilk']
30145,,,,,['Loudermilk' 'Graves']
30157,{'Cook'},,,,['Loudermilk' 'Graves']
30024,,,,,['McBath' 'Woodall']
30360,,,,,['McBath' 'Woodall']
30044,,,,,['Woodall']
30337,,,,,['Scott' 'Lewis']
30344,,,,,['Scott' 'Lewis']
30807,,,,,['Hice']
30809,,,,,['Hice' 'Allen']
30817,,,,,['Hice']
30314,,,,,['Lewis']
30315,,,,,['Lewis']
30336,{'Woodall'},,,,['Lewis']
31131,,,,{'Johnson'},['Lewis']
30513,,,,,['Collins']
30542,,,,,['Collins']
30565,,,,,['Collins']
30576,,{'Price'},,,['Collins']
30129,,{'McHenry'},,,['Graves']
30720,,,,,['Graves']
30731,,{'Fleischmann'},,,['Graves']
30733,,,,,['Graves']
30109,,,,,['Ferguson']
30217,,,,,['Ferguson']
30258,,{'Brady'},,,['Ferguson']
30263,,,{'Smith'},,['Ferguson']
31822,,{'Cook'},{'Smith'},,['Ferguson']
31826,,,,,['Ferguson' 'Bishop']
31204,,,,,['Scott' 'Bishop']
31776,,,,,['Scott']
30474,,,,,['Allen']
30912,,,,,['Allen']
31326,,,,,['Allen' 'Carter']
31513,,,,,['Allen']
31309,,,,,['Carter']
31516,,{'Upton'},,,['Carter']
31547,{'Cook'},,,,['Carter']
31565,,,,,['Carter']
39852,,{'Gonzalez'},,,['Bishop']
96805,,{'Gabbard'},,,['Case']
96828,,{'Gabbard'},,,['Case']
96859,,{'Gabbard'},,,['Case']
96720,,,,,['Gabbard']
96742,,,,,['Gabbard']
96745,,{'Roy'},,,['Gabbard']
83525,,{'Craig'},,,['Fulcher']
83530,,,,,['Fulcher']
83672,,{'Hill'},,,['Fulcher']
83709,,,,,['Fulcher' 'Simpson']
83713,,,,,['Fulcher' 'Simpson']
83825,,,,,['Fulcher']
83833,,,,,['Fulcher']
83854,,{'Green'},,{'Green'},['Fulcher']
83858,,,,,['Fulcher']
83211,,,,,['Simpson']
83232,,,,,['Simpson']
83277,,,,,['Simpson']
83443,,{'Kelly'},,,['Simpson']
83706,,,,,['Simpson']
60002,,,,,['Underwood']
60031,,,,,['Underwood' 'Schneider']
60087,,,,{'Green'},['Underwood' 'Schneider']
60543,,,,,['Underwood' 'Foster']
60564,,,,,['Underwood' 'Foster']
60585,{'Cook'},,,,['Underwood' 'Foster']
60040,,{'Quigley'},,,['Schneider']
60069,,,,,['Schneider']
60008,,,,,['Krishnamoorthi' 'Schakowsky' 'Quigley' 'Casten']
60123,,,,,['Krishnamoorthi' 'Casten']
60139,,,,,['Krishnamoorthi' 'Casten']
60191,,,,,['Krishnamoorthi' 'Quigley']
60193,,,,,['Krishnamoorthi']
60029,,{'Quigley'},,,['Schakowsky']
60631,,,,,['Schakowsky' 'Quigley']
60526,,,,,['Quigley' 'Davis' 'García' 'Lipinski']
60612,,,,,['Quigley' 'Davis']
60187,,,{'Costa'},{'Costa'},['Casten']
60561,,,,,['Casten' 'Lipinski' 'Foster']
60448,,,,,['Rush' 'Lipinski' 'Foster']
60467,,,,,['Rush' 'Lipinski']
60478,,,,,['Rush' 'Kelly']
60416,,{'Foster'},,,['Kinzinger']
60537,,{'Underwood'},,,['Kinzinger']
60550,,,,,['Kinzinger']
60938,,,,,['Kinzinger']
61024,,,,,['Kinzinger']
61031,,,{'Cloud'},,['Kinzinger']
61051,,"{'Burgess', 'Upton'}",,,['Kinzinger' 'Bustos']
61080,,,,,['Kinzinger']
61378,,,,,['Kinzinger']
61739,,,,,['Kinzinger' 'LaHood']
60402,,,,,['Davis' 'García' 'Lipinski']
60607,,{'Quigley'},,,['Davis']
60681,{'Cook'},,,,['Davis']
60632,,,,,['García' 'Lipinski']
60475,,{'Visclosky'},,,['Kelly']
60901,,,,,['Kelly']
60415,,{'Quigley'},{'Kelly'},,['Lipinski']
60501,,{'Quigley'},,,['Lipinski']
60504,,,,,['Foster']
60932,,,,,['Shimkus']
60933,,{'McEachin'},,,['Shimkus']
61849,,,,,['Shimkus']
61853,,,,,['Shimkus' 'Davis']
61862,,,,,['Shimkus']
61864,,,,,['Shimkus' 'Davis']
62281,,,{'Cooper'},,['Shimkus']
62446,,,,,['Shimkus']
62477,,{'McGovern'},{'Walker'},,['Shimkus']
62842,,,,,['Shimkus']
62887,,,,,['Shimkus']
62917,,,,,['Shimkus' 'Bost']
62953,,,,,['Shimkus']
61541,,,,,['LaHood']
61558,,,,,['LaHood']
61614,,,,,['LaHood' 'Bustos']
61633,,,,,['LaHood']
61635,,,,,['LaHood']
61721,{'Cook'},{'Lawrence'},,,['LaHood']
61755,,,,,['LaHood']
61776,,,{'Brady'},,['LaHood']
62082,,"{'Rice', 'Olson'}",,,['LaHood' 'Davis']
62354,,,,,['LaHood']
62617,,,,,['LaHood']
62639,,,,,['LaHood']
61125,,,,{'Collins'},['Bustos']
61231,,,,,['Bustos']
61238,,,,,['Bustos']
61250,,,,,['Bustos']
61410,,,,,['Bustos']
61469,,,,,['Bustos']
61605,,{'LaHood'},,{'Hill'},['Bustos']
62009,,,,,['Davis']
62573,,,,,['Davis']
62018,{'Williams'},{'Clay'},,,['Bost']
62220,,{'Johnson'},,,['Bost']
62242,,{'Clay'},,,['Bost']
62865,,,,,['Bost']
62924,,,,,['Bost']
46030,,{'Carson'},,{'Carson'},['Brooks']
46060,,,,,['Brooks']
46068,,,,,['Brooks' 'Baird']
46930,,,,,['Brooks']
46104,,,,,['Pence']
46144,,,,,['Pence']
46229,,,,,['Pence' 'Hollingsworth' 'Carson']
47006,,,,,['Pence']
47024,,,,,['Pence']
47040,,,{'Brown'},,['Pence']
47244,,,,,['Pence']
47302,,,,,['Pence']
47344,,,,,['Pence']
46102,,{'Butterfield'},,,['Baird']
46913,,,,,['Baird']
46965,,{'Turner'},,,['Baird']
47916,,,,,['Baird']
47971,,,,,['Baird']
47982,,,,,['Baird']
46160,,{'Carson'},,,['Hollingsworth']
47107,,,,,['Hollingsworth']
47110,,,,,['Hollingsworth']
47119,,{'Yarmuth'},,,['Hollingsworth']
46203,,,,,['Carson']
46222,,,,,['Carson']
46242,,,,,['Carson']
47445,,,{'Rogers'},,['Bucshon']
47459,,,,,['Bucshon']
47471,,,,,['Bucshon']
47537,,,,,['Bucshon']
47547,,,,,['Bucshon']
47585,,,,,['Bucshon']
47596,,,,,['Bucshon']
47615,,,,,['Bucshon']
47631,,,,,['Bucshon']
47852,,,,,['Bucshon']
47866,,,,,['Bucshon']
47878,,,,,['Bucshon']
46383,,,,,['Visclosky']
46394,,{'Quigley'},,,['Visclosky']
46402,,{'Quigley'},,,['Visclosky']
46365,,,,,['Walorski']
46532,,,,,['Walorski']
46543,,,,,['Walorski' 'Banks']
46595,,,"{'Dunn', 'Neal', 'Scott'}",,['Walorski']
46912,,,,,['Walorski']
46939,,,,,['Walorski']
46704,,,,,['Banks']
46745,,,,,['Banks']
46747,,,,,['Banks']
46781,,,,,['Banks']
46808,{'Cook'},,,,['Banks']
46860,,{'Rogers'},,,['Banks']
46862,{'Cook'},,,,['Banks']
50029,,,,,['Axne' 'King']
50115,,,,,['Axne']
50125,,,,,['Axne']
50174,,,,,['Axne' 'Loebsack']
50237,,,,,['Axne' 'Loebsack']
50363,,{'Scott'},,,['Axne']
51548,,,,,['Axne']
51601,,,,{'Price'},['Axne']
50152,,{'Thompson'},,,['King']
50441,,{'Cook'},,,['King']
50575,,{'Keating'},,,['King']
50586,,{'Pence'},,,['King']
51101,,,,,['King']
51346,,,,,['King']
51450,{'Cook'},{'Lowey'},,,['King']
51458,,,,,['King']
51461,,,,,['King']
51563,,,,,['King']
57005,,,,,['King']
50234,,,,,['Finkenauer' 'Loebsack']
50448,,,,,['Finkenauer']
50644,,,{'Rose'},,['Finkenauer']
52033,,,,,['Finkenauer']
52147,,,,,['Finkenauer']
52155,,,,,['Finkenauer']
52302,,,,,['Finkenauer']
52349,,,,,['Finkenauer']
52409,,,,,['Finkenauer']
52411,,,,,['Finkenauer']
50208,,,,,['Loebsack']
50256,,{'Lesko'},,,['Loebsack']
52560,,,,,['Loebsack']
52562,,{'Mast'},,,['Loebsack']
52580,,{'Mast'},,,['Loebsack']
52757,,,,,['Loebsack']
52766,,,,,['Loebsack']
66035,,,,,['Watkins']
66418,{'Calvert'},"{'Green', 'Calvert'}",,,['Watkins']
66424,,,,,['Watkins']
66425,,,,,['Watkins']
66528,,,{'Davids'},,['Watkins']
66536,,,,,['Watkins' 'Marshall']
66614,,,,,['Watkins' 'Marshall']
66716,,,,,['Watkins']
66776,,,,,['Watkins']
66781,,{'Sires'},,,['Watkins']
66852,{'Hill'},,,,['Watkins' 'Estes']
67333,,,,,['Watkins']
66103,{'Cleaver'},{'Cleaver'},{'Ruiz'},{'Ruiz'},['Davids']
66115,{'Cook'},{'Cleaver'},,,['Davids']
66119,,,,{'Scott'},['Davids']
66205,,{'Cleaver'},,,['Davids']
66211,{'Cook'},{'Cleaver'},{'Mitchell'},,['Davids']
66846,,,,,['Marshall']
66942,,,,,['Marshall']
67410,,,,,['Marshall']
67454,{'Cook'},,,,['Marshall']
67460,,,,,['Marshall']
67563,,,,,['Marshall' 'Estes']
67653,,,,,['Marshall']
67656,,,,,['Marshall']
67730,,,,,['Marshall']
67745,,,,,['Marshall']
67018,,,,,['Estes']
67039,,{'McHenry'},,,['Estes']
67065,,,,,['Estes']
67106,,,,,['Estes']
67152,,,,,['Estes']
67220,,,,,['Estes']
40019,,,,,['Massie']
40241,,,,,['Massie' 'Yarmuth']
41135,,,,,['Massie']
41143,,,,,['Massie' 'Rogers']
40508,,,{'Lee'},{'Lee'},['Barr']
40511,,,,{'Lee'},['Barr']
41332,,,,,['Barr' 'Rogers']
41425,,"{'LaMalfa', 'Lee'}",,,['Barr' 'Rogers']
40104,,,,,['Guthrie']
40119,,,,,['Guthrie']
40419,,,,,['Guthrie' 'Rogers']
42130,,{'Riggleman'},,,['Guthrie']
42166,,,,,['Guthrie' 'Comer']
42201,,,,,['Guthrie']
42256,,,,,['Guthrie' 'Comer']
42729,,{'Harris'},,,['Guthrie']
40063,{'Cook'},,,{'Cooper'},['Comer']
41472,,,,,['Comer' 'Rogers']
42066,,{'Kustoff'},,,['Comer']
42081,,,,,['Comer']
42087,,,,,['Comer']
42369,,,,,['Comer']
42371,,{'Green'},,,['Comer']
42404,,,,,['Comer']
42437,,,,,['Comer']
42629,,,,,['Comer']
40025,,"{'Scott', 'DesJarlais'}",,,['Yarmuth']
40204,{'Cook'},,,,['Yarmuth']
40219,,,,,['Yarmuth']
40902,,,,,['Rogers']
41421,,,,,['Rogers']
41548,,,,,['Rogers']
41606,,,,,['Rogers']
41631,,,{'Price'},,['Rogers']
41719,,{'Suozzi'},,,['Rogers']
41722,,,,,['Rogers']
41776,,,,,['Rogers']
41812,,,,,['Rogers']
42519,,,,,['Rogers']
70003,,{'Scott'},,,['Scalise' 'Richmond']
70009,,"{'Smith', 'Lee'}",,,['Scalise']
70082,,,,,['Scalise']
70355,,,,,['Scalise']
70375,,,,,['Scalise' 'Graves']
70070,,{'Scalise'},,,['Richmond']
70165,,,,,['Richmond']
70808,,,,,['Richmond' 'Graves']
70371,,,{'Hill'},,['Graves']
70380,,,,{'Williams'},['Graves' 'Higgins']
70422,,{'Neal'},,,['Graves' 'Abraham']
70704,,,,,['Graves']
70732,,,,,['Graves']
70773,,,,,['Graves']
70512,{'Cook'},,,{'Clay'},['Higgins' 'Abraham' 'Johnson']
70515,,,,,['Higgins' 'Johnson']
70528,,{'Clay'},,,['Higgins']
70569,,,,,['Higgins']
71375,,,,,['Abraham']
71404,,,,,['Abraham']
71466,,,,,['Abraham']
71045,,,,,['Johnson']
71497,,,,,['Johnson']
4212,,,,,['Golden']
4226,,,{'Schneider'},,['Golden']
4261,,,,,['Golden']
4292,,,,,['Golden']
4442,,,,,['Golden']
4461,{'Scott'},,,,['Golden']
4644,,,,,['Golden']
4655,,,,,['Golden']
4681,,,,,['Golden']
4766,,,,,['Golden']
4992,,,,,['Golden']
4097,,,,,['Pingree']
4108,,,,,['Pingree']
4287,,,{'Peters'},,['Pingree']
4541,,,,,['Pingree']
4543,,,,,['Pingree']
4854,,,,,['Pingree']
21048,,,,,['Harris' 'Raskin']
21286,,{'Sarbanes'},{'Sarbanes'},{'Sarbanes'},['Harris' 'Ruppersberger']
21625,,,,,['Harris']
21665,,,,,['Harris']
20617,,,,,['Hoyer']
20623,,{'DeSaulnier'},,{'Schweikert'},['Hoyer']
20634,,,{'Moore'},,['Hoyer']
20635,,,,,['Hoyer']
20653,,,,,['Hoyer']
20675,,{'DeSaulnier'},,,['Hoyer']
21037,,,,,['Hoyer' 'Brown' 'Sarbanes']
21045,{'Cook'},,,,['Ruppersberger' 'Sarbanes']
21230,,,,,['Ruppersberger' 'Sarbanes']
21252,,{'Sarbanes'},{'Foster'},{'Cook'},['Ruppersberger']
20743,,,,,['Brown']
20747,,,,,['Brown']
20777,,{'Thompson'},,{'Schweikert'},['Sarbanes']
20833,,{'Sherman'},,,['Sarbanes' 'Raskin']
20882,,{'DeSaulnier'},,,['Sarbanes' 'Raskin' 'Trone']
21139,,{'LaHood'},,,['Sarbanes']
20787,,{'Moulton'},,,['Raskin']
20852,,,,,['Raskin' 'Trone']
20892,,{'DeSaulnier'},,{'Kelly'},['Raskin']
20915,,{'Castro'},,,['Raskin']
20877,,,,,['Trone']
21557,,,,,['Trone']
21716,,,,,['Trone']
1069,,,,,['Neal' 'McGovern']
1077,,,,,['Neal']
1115,,,,,['Neal']
1118,,,,,['Neal']
1151,,,,,['Neal']
1830,,,"{'Vargas', 'Dean'}","{'Vargas', 'Dean'}",['Neal' 'Trahan' 'Moulton']
1088,,,,,['McGovern']
1347,,,,{'Waters'},['McGovern']
1355,,,,,['McGovern']
1364,,,,,['McGovern']
1501,,,,,['McGovern']
1581,,,,,['McGovern']
1583,,,,,['McGovern']
1610,,,,,['McGovern']
1614,,,,,['McGovern']
1655,,,,,['McGovern']
1747,,,,,['McGovern' 'Kennedy']
1772,,,,,['McGovern' 'Trahan' 'Clark']
2019,,{'Keating'},,,['McGovern' 'Kennedy']
1432,,,,,['Trahan']
1434,,{'McGovern'},,,['Trahan']
1719,,{'Neal'},,,['Trahan']
1843,,,,,['Trahan' 'Moulton']
1850,,,,,['Trahan']
1854,,,,,['Trahan']
5501,,,,,['Trahan']
1704,,,,,['Clark']
1760,,,,,['Clark' 'Kennedy']
2176,,,,,['Clark' 'Moulton']
2451,,,,,['Clark']
2471,,{'Lynch'},,,['Clark']
2067,,,,,['Kennedy' 'Lynch']
2763,,,,,['Kennedy']
1805,,,,,['Moulton']
1822,,,,,['Moulton']
1887,,{'Lynch'},,,['Moulton']
1906,,,,,['Moulton']
1965,,,"{'Estes', 'Davids'}",,['Moulton']
2325,{'Case'},,,,['Keating']
2327,,,,,['Keating']
2532,,,{'Perry'},,['Keating']
2535,,,,,['Keating']
2637,,,,,['Keating']
2652,,,,,['Keating']
2675,,,,,['Keating']
2739,,,,,['Keating']
2368,,,,,['Lynch' 'Pressley']
2115,,,,,['Pressley']
2150,,,,,['Pressley']
48041,,{'Slotkin'},{'Slotkin'},{'Slotkin'},['Mitchell']
48048,,,,,['Mitchell']
48064,,,,,['Mitchell']
48371,,{'Bishop'},,,['Mitchell' 'Slotkin']
48445,,,,,['Mitchell']
48454,,{'Gaetz'},,,['Mitchell']
48464,,,,,['Mitchell' 'Kildee']
48083,,,,,['Stevens' 'Levin']
48111,,,,,['Stevens' 'Dingell' 'Walberg']
48239,,,{'Cook'},,['Stevens' 'Tlaib']
48324,,,,,['Stevens' 'Levin' 'Lawrence']
48376,,,{'Crawford'},,['Stevens']
48382,,,,,['Stevens']
48092,,,,,['Levin']
48205,,,,,['Levin' 'Lawrence']
48221,,,,,['Levin' 'Lawrence' 'Tlaib']
48234,,,,,['Levin' 'Lawrence']
48213,,,,,['Lawrence' 'Tlaib']
48350,,{'Kildee'},,,['Slotkin']
48361,,,,,['Slotkin']
48451,,,,,['Slotkin' 'Kildee']
48819,,{'Walberg'},,,['Slotkin']
48833,,,,,['Slotkin']
48911,,,,,['Slotkin' 'Walberg']
48101,{'Cook'},,,,['Dingell']
48174,,,,,['Dingell' 'Tlaib']
49021,,{'Upton'},,,['Walberg' 'Amash']
49030,,,,,['Walberg' 'Upton']
49094,,{'Upton'},,,['Walberg' 'Amash']
49281,,,,,['Walberg']
48186,{'Cook'},,,,['Tlaib']
48436,,,,,['Kildee' 'Moolenaar']
48437,,,,,['Kildee']
48458,,,,,['Kildee']
48602,,,,,['Kildee']
48611,,,,,['Kildee' 'Moolenaar']
48738,,,,,['Kildee' 'Bergman']
48896,,,,,['Moolenaar']
49339,,,,,['Moolenaar' 'Huizenga']
49633,,,,,['Moolenaar' 'Bergman']
49688,,,{'Sherman'},,['Moolenaar' 'Huizenga']
49613,,,,,['Bergman']
49770,,,,,['Bergman']
49795,,,,,['Bergman']
49891,,,,,['Bergman']
49327,,,,,['Huizenga' 'Amash']
49424,{'Cook'},,,,['Huizenga']
49503,,,,,['Huizenga' 'Amash']
49512,,,,,['Huizenga' 'Amash']
49319,,{'Huizenga'},,,['Amash']
49501,,{'Huizenga'},,,['Amash']
49506,,,,,['Amash']
49516,,{'Huizenga'},,,['Amash']
49006,,,,,['Upton']
49022,,,,,['Upton']
49113,,,,,['Upton']
49119,,,,,['Upton']
49127,,,{'Watkins'},,['Upton']
49453,,{'Huizenga'},,,['Upton']
55019,,,,,['Craig' 'Hagedorn']
55124,,{'McCollum'},,,['Craig']
55963,,,,,['Craig' 'Hagedorn']
55108,,,,,['McCollum']
55114,,,,,['McCollum']
55025,,,,,['Emmer' 'Stauber']
55315,,{'Craig'},,,['Emmer' 'Phillips']
55368,,,,,['Emmer' 'Peterson']
55434,,{'McCollum'},,,['Emmer' 'Omar' 'Phillips']
55448,,,,,['Emmer' 'Phillips']
56303,{'Cloud'},{'Cloud'},{'Cloud'},,['Emmer']
56307,,,,,['Emmer' 'Stauber' 'Peterson']
56330,,,,,['Emmer' 'Stauber']
55029,,,,,['Stauber']
55045,,,,,['Stauber']
55074,,,,,['Stauber']
55609,,,,,['Stauber']
55725,,,,,['Stauber']
55792,,,,,['Stauber']
56350,,{'Quigley'},,,['Stauber']
56435,,{'Estes'},,,['Stauber']
56653,,,,,['Stauber']
56661,,,,,['Stauber']
56680,,,,,['Stauber']
55903,,,,,['Hagedorn']
55961,,,,,['Hagedorn']
55962,,{'Peterson'},,,['Hagedorn']
55979,,{'Peterson'},"{'Dean', 'Craig'}",,['Hagedorn']
56014,,,,,['Hagedorn']
55411,,,,,['Omar']
55439,,,,,['Phillips']
55324,,,,,['Peterson']
56222,,{'Johnson'},,,['Peterson']
56271,,,,,['Peterson']
56292,,,,,['Peterson']
56517,,,,{'Price'},['Peterson']
39098,,,,,['Guest']
39117,,,,,['Guest']
39165,,,,,['Guest']
39401,,,,,['Guest' 'Palazzo']
39478,,,,,['Guest' 'Palazzo']
39656,,,,,['Guest']
39662,,,,,['Guest']
38649,,{'McHenry'},,,['Kelly']
38672,,{'Cohen'},,,['Kelly']
38828,,,,,['Kelly']
38864,,,,,['Kelly']
39745,,,,,['Kelly' 'Thompson']
38753,,,,,['Thompson']
38780,,,,,['Thompson']
38941,,,,,['Thompson']
39060,,{'Loebsack'},,,['Thompson']
39171,,{'Cole'},,,['Thompson']
39176,,{'Gabbard'},,,['Thompson']
39403,,,,,['Palazzo']
63022,,,,,['Wagner']
63040,,,,,['Wagner']
63135,,,,,['Wagner' 'Clay']
63146,,,,,['Wagner' 'Clay']
63376,,,{'Peters'},{'Peters'},['Wagner' 'Luetkemeyer']
63447,,,,,['Luetkemeyer' 'Smith' 'Graves']
65062,,,,{'Cole'},['Luetkemeyer']
65082,,,,,['Luetkemeyer']
65401,,,,,['Luetkemeyer' 'Smith']
65459,,{'Graves'},,,['Luetkemeyer' 'Smith']
63087,,,,,['Smith']
63623,,,,,['Smith']
63670,,{'Walker'},,,['Smith']
63827,,,,,['Smith']
63834,,,,,['Smith']
63837,,,,,['Smith']
65438,,,,,['Smith']
65566,,,,,['Smith']
65606,,,,,['Smith']
65715,,{'Loebsack'},,,['Smith']
65791,,,,,['Smith']
63101,,,,,['Clay']
63448,,,,,['Graves']
63451,,,,,['Graves']
63473,,,,,['Graves']
64060,,{'Cleaver'},,{'Williams'},['Graves']
64064,,,,,['Graves' 'Cleaver']
64424,,,,,['Graves']
64440,,,,,['Graves']
64490,,,,,['Graves']
64493,,,,,['Graves']
64656,,,,,['Graves']
64679,,{'Huffman'},,,['Graves']
65236,,,,,['Graves']
64746,,{'Cleaver'},,,['Hartzler']
64756,,{'Graves'},{'Graves'},,['Hartzler']
64784,,,,,['Hartzler']
64790,,,,,['Hartzler']
65216,,,,,['Hartzler']
65299,,,{'Kelly'},,['Hartzler']
65336,,,,,['Hartzler']
65340,,,,,['Hartzler' 'Cleaver']
65649,,,,,['Hartzler' 'Long']
64013,,,,,['Cleaver']
64106,,,,,['Cleaver']
64113,,,,,['Cleaver']
64114,,,,,['Cleaver']
64146,,,,,['Cleaver']
65327,,,,,['Cleaver']
64858,,,,,['Long']
65756,,,,,['Long']
65814,,,,,['Long']
68002,,,,,['Fortenberry']
68008,,,{'Smith'},,['Fortenberry']
68048,,{'King'},,,['Fortenberry']
68113,,{'Bacon'},,,['Fortenberry']
68307,,,{'Duncan'},,['Fortenberry']
68733,,,,,['Fortenberry' 'Smith']
57523,{'Johnson'},,,{'Johnson'},['Smith']
68303,,,,,['Smith']
68326,,,,,['Smith']
68376,,,,,['Smith']
68719,,"{'Green', 'Wilson'}",,,['Smith']
68746,,,,,['Smith']
68789,,,,,['Smith']
68825,,{'Williams'},,,['Smith']
68833,,,,,['Smith']
69147,,"{'Davidson', 'Hice'}",,,['Smith']
68010,,{'Lee'},,,['Bacon']
68114,,{'Smith'},,{'Taylor'},['Bacon']
68179,,,,,['Bacon']
68198,,{'Smith'},"{'Smith', 'Fortenberry'}",,['Bacon']
89022,,,,,['Horsford']
89023,,,,,['Horsford']
89041,,,,,['Horsford']
89043,,,,,['Horsford']
89115,,,,,['Horsford' 'Titus']
89147,,,{'Horsford'},{'Horsford'},['Lee' 'Titus']
89178,,,{'Horsford'},{'Titus'},['Lee']
89436,,,,,['Amodei']
89460,,{'Pelosi'},,,['Amodei']
89502,,,,,['Amodei']
89506,,,,,['Amodei']
89512,,,,,['Amodei']
89803,,,,,['Amodei']
89125,,,,,['Titus']
3260,,,,,['Kuster']
3263,,,,,['Kuster']
3287,,,,,['Kuster']
3456,,,,,['Kuster']
3575,,,,,['Kuster']
3785,,,,,['Kuster']
3227,,{'Clay'},,,['Pappas']
3254,,,,,['Pappas']
7077,,{'Sires'},,,['Pallone']
7703,,,,,['Pallone']
7721,,{'Stefanik'},,{'Kim'},['Pallone']
7101,,{'Sires'},,,['Payne']
7102,,,,,['Payne' 'Sires']
7105,,,,,['Payne' 'Sires']
7047,,,,,['Sires']
7303,,,,,['Sires']
7310,,{'Payne'},,,['Sires']
7082,,{'Sires'},,{'Malinowski'},['Sherrill']
7920,,,,,['Sherrill' 'Malinowski']
7011,,,,,['Pascrell']
7026,,,,,['Pascrell']
7650,,,,,['Pascrell']
7016,{'Cook'},,,,['Malinowski']
7041,,,,,['Malinowski']
7870,,,,,['Malinowski']
8558,,{'Pallone'},,,['Malinowski' 'Watson Coleman']
8822,,,,,['Malinowski']
8867,,,,,['Malinowski']
8609,,,,,['Watson Coleman' 'Smith']
8691,,,,,['Watson Coleman' 'Smith']
8852,,{'Pallone'},,,['Watson Coleman']
7603,,,,,['Gottheimer']
7621,,,,,['Gottheimer']
7846,,{'Scott'},,,['Gottheimer']
7739,,"{'Jayapal', 'Serrano'}",,,['Smith']
8535,,,,,['Smith']
8019,,{'Smith'},,,['Kim' 'Van Drew']
8735,,{'Pallone'},,,['Kim']
8754,,,,,['Kim']
8080,,,,,['Van Drew' 'Norcross']
8203,,,,,['Van Drew']
8223,,,,,['Van Drew']
8242,,,,,['Van Drew']
8319,,,,,['Van Drew']
8007,{'Hill'},,,,['Norcross']
8012,,,,,['Norcross']
8032,,,,,['Norcross']
8066,,{'Boyle'},,{'Cooper'},['Norcross']
87357,,,,,['Torres Small']
87941,,,,,['Torres Small']
88022,,,,,['Torres Small']
88054,,,,,['Torres Small']
88126,,,,{'Torres'},['Torres Small']
88134,,,{'Torres'},{'Torres'},['Torres Small']
88262,,,{'Torres'},,['Torres Small']
88318,,,,{'Torres'},['Torres Small' 'Haaland']
88352,,,,,['Torres Small']
87114,,,,,['Luján' 'Haaland']
87513,,,,,['Luján']
87532,,,,,['Luján']
87722,,,,,['Luján']
87729,,,,,['Luján']
87745,,,,,['Luján']
88101,,,,,['Luján']
88416,,,,,['Luján']
87070,,,,,['Haaland']
87104,,,,,['Haaland']
87110,,,,,['Haaland']
87125,,,,{'Williams'},['Haaland']
87185,,,,,['Haaland']
11790,,,,,['Zeldin']
11934,,,,,['Zeldin']
11947,,{'Green'},,,['Zeldin']
11952,,,,,['Zeldin']
10069,,,,,['Nadler']
11204,,,,,['Nadler' 'Clarke']
11231,,,,,['Nadler' 'Velázquez']
11245,,,,,['Nadler' 'Jeffries']
10029,,,,,['Maloney' 'Espaillat']
10112,,,,,['Maloney']
10168,,,,,['Maloney']
10172,,{'Kustoff'},,,['Maloney']
11205,,,,,['Velázquez' 'Jeffries']
11207,,,,,['Velázquez' 'Jeffries']
11242,,{'Jeffries'},,,['Velázquez']
10033,,,,,['Espaillat']
10453,,,,,['Espaillat' 'Serrano']
11203,,,,,['Clarke' 'Jeffries']
11210,,,,,['Clarke' 'Jeffries']
11235,,,,,['Clarke' 'Rose' 'Jeffries']
10305,,{'Stefanik'},,,['Rose']
10462,,,,,['Serrano' 'Ocasio-Cortez']
10474,,,,,['Serrano']
10465,"{'Dingell', 'Serrano'}",,{'Espaillat'},{'Serrano'},['Ocasio-Cortez']
10469,,{'Serrano'},"{'Jayapal', 'Dingell', 'Serrano'}",{'Serrano'},['Ocasio-Cortez' 'Engel']
10475,,,,,['Ocasio-Cortez' 'Engel']
10704,,{'Serrano'},,,['Engel']
10501,,,,,['Maloney']
10537,,"{'Meng', 'Escobar'}",,,['Maloney' 'Lowey']
10549,,,{'Davis'},,['Maloney' 'Lowey']
10933,,,,,['Maloney']
10940,,,,,['Maloney' 'Delgado']
10941,,,,,['Maloney']
10959,,,,,['Maloney']
10535,,{'Maloney'},,,['Lowey']
10545,,,,{'Stewart'},['Lowey']
10965,,,,,['Lowey']
12031,,,,,['Delgado']
12050,,,,,['Delgado']
12073,,,,,['Delgado']
12124,,,,,['Delgado']
12443,,,,,['Delgado']
12450,,,,,['Delgado']
12459,,,,,['Delgado']
12514,,,,,['Delgado']
12568,,,,,['Delgado']
13320,,,,,['Delgado']
13411,,{'Deutch'},,,['Delgado' 'Brindisi']
13842,,,,,['Delgado']
11004,,"{'Meng', 'Escobar'}",,,['Suozzi']
11023,,,,,['Suozzi']
11428,,,,,['Suozzi' 'Rice' 'Meeks']
11596,,,,,['Suozzi' 'Rice']
11731,,,,,['Suozzi']
11746,,,,,['Suozzi' 'King']
11510,,,,,['Rice']
11559,,,,,['Rice' 'Meeks']
11561,,,,,['Rice']
11422,,,,,['Meeks']
11374,,,,,['Meng']
11381,,,,,['Meng']
11702,,,,,['King']
11704,,,,,['King']
12158,,,,,['Tonko']
12189,,,,,['Tonko']
12205,,,,,['Tonko']
12222,,,,,['Tonko']
12235,,,{'Ferguson'},{'Ferguson'},['Tonko']
12866,,,,,['Tonko']
12956,,{'Krishnamoorthi'},,,['Stefanik']
13367,,{'Katko'},,,['Stefanik']
13628,,,,,['Stefanik']
13631,,,,,['Stefanik']
13639,,,,,['Stefanik']
13687,,,,,['Stefanik']
13035,,,,,['Katko' 'Brindisi']
13093,,,,,['Katko']
13126,,,,,['Katko' 'Brindisi']
13147,,,,,['Katko']
13148,,,,,['Katko' 'Reed']
14555,,,,,['Katko']
14590,,,,,['Katko']
13136,,,,,['Brindisi']
13480,,,,,['Brindisi']
13490,,,,,['Brindisi']
13748,,,,,['Brindisi']
13734,,,,,['Reed']
14065,,,,,['Reed']
14720,,,,,['Reed']
14733,,,,,['Reed']
14743,,,,,['Reed']
14754,,,,,['Reed']
14781,,,,,['Reed']
14808,,,,,['Reed']
14812,,,,,['Reed']
14850,,,,,['Reed']
14851,,,,,['Reed']
14864,,,,,['Reed']
14043,,,,,['Higgins']
14203,,,{'Collins'},,['Higgins']
14206,,,,,['Higgins']
14214,,,,,['Higgins']
14219,,,,,['Higgins']
14615,,{'Joyce'},,,['Morelle']
14620,,,,,['Morelle']
27313,,,,,['Budd' 'Walker']
27360,,,"{'Davidson', 'Cunningham'}",,['Budd' 'Walker']
27498,,,{'Green'},,['Budd']
27025,,,,,['Foxx' 'Walker']
27041,,,,,['Foxx']
28685,,,,,['Foxx']
27202,,,,,['Walker']
27208,,,{'Jordan'},,['Walker' 'Hudson']
27209,,{'Carter'},,,['Hudson']
28039,{'Evans'},,{'Scott'},,['Hudson']
28309,,,,,['Hudson']
28327,,,,,['Hudson']
28334,,,,{'Dunn'},['Hudson' 'Holding' 'Rouzer']
28091,,{'Carter'},,,['Bishop']
28105,,,,,['Bishop' 'Adams']
28133,,{'Hudson'},,,['Bishop']
28211,,,,,['Bishop' 'Adams']
28277,,,,,['Bishop' 'Adams']
28337,,,{'King'},{'King'},['Bishop' 'Rouzer']
27545,,{'McHenry'},,,['Price' 'Holding']
27601,,,,{'Cunningham'},['Price']
27602,,,,,['Price']
27609,,,,,['Price']
27661,,{'McHenry'},,,['Price']
27525,,,,,['Butterfield' 'Holding']
27544,,,,,['Butterfield' 'Holding']
27822,,,,,['Butterfield' 'Holding']
27823,,,{'Norman'},,['Butterfield']
27552,,,,,['Holding']
27569,,{'McHenry'},,,['Holding' 'Rouzer']
28393,,,,,['Rouzer']
28420,,,,,['Rouzer']
28421,,,,,['Rouzer']
28456,,,,,['Rouzer']
28457,,,,,['Rouzer']
28458,,,{'Rose'},,['Rouzer']
28463,,,,,['Rouzer']
28551,,{'Butterfield'},,,['Rouzer' 'Murphy']
27916,,,,,['Murphy']
27927,,,,{'Banks'},['Murphy']
27941,,{'Engel'},,,['Murphy']
27960,,,,,['Murphy']
27974,,,,,['Murphy']
28524,,,,,['Murphy']
28528,,,,,['Murphy']
28556,,,,,['Murphy']
28584,,,,,['Murphy']
28612,,,,,['McHenry' 'Meadows']
28682,,,,,['McHenry']
28720,,,,,['McHenry']
28731,,,,,['McHenry' 'Meadows']
28732,,,,,['McHenry' 'Meadows']
28070,,{'McHenry'},,,['Adams']
28230,,,,,['Adams']
28234,,,,,['Adams']
28281,,{'McHenry'},,,['Adams']
28705,,,{'Mitchell'},{'Mitchell'},['Meadows']
28707,,,,,['Meadows']
28723,,,,,['Meadows']
28748,{'Cook'},{'McHenry'},{'Kelly'},,['Meadows']
28775,,,{'King'},,['Meadows']
28902,,,,,['Meadows']
43025,,,,,['Balderson']
43054,,,,,['Balderson' 'Beatty']
43055,,,,,['Balderson']
43202,,,,,['Balderson' 'Beatty']
43732,,{'Ocasio-Cortez'},,,['Balderson' 'Johnson']
43762,,,,,['Balderson' 'Johnson']
44901,,,,,['Balderson']
43206,,,,,['Beatty' 'Stivers']
44145,,{'Ryan'},,,['Gibbs' 'Kaptur' 'Gonzalez']
44215,,,,,['Gibbs' 'Gonzalez']
44624,,,,,['Gibbs' 'Gonzalez']
44685,,,,,['Gibbs' 'Gonzalez']
44703,,,,,['Gibbs']
44866,,,,,['Gibbs']
43135,,"{'Scott', 'Murphy'}",,,['Stivers']
43140,,,,,['Stivers' 'Davidson']
43291,,,,,['Stivers']
43728,,,,,['Stivers']
45177,,,,,['Stivers' 'Turner']
45715,,,,,['Stivers' 'Johnson']
44839,,,,,['Jordan' 'Kaptur']
45363,,,,,['Jordan']
45822,,,,,['Jordan' 'Davidson' 'Latta']
45854,,,,,['Jordan']
45896,,,,,['Jordan' 'Latta']
45042,,,{'Ferguson'},,['Davidson' 'Turner' 'Chabot']
45062,,,,,['Davidson']
45063,,{'Chabot'},,,['Davidson']
45339,,{'Turner'},,,['Davidson']
45358,,{'Upton'},,,['Davidson']
43142,,,,,['Turner']
45305,,,{'Baird'},,['Turner']
45458,,,,,['Turner' 'Chabot']
43413,,,,,['Latta']
43414,,{'Burgess'},,,['Latta']
45836,,,,,['Latta']
43608,,,,,['Kaptur']
43610,,,,,['Kaptur']
44109,,,,,['Kaptur' 'Fudge']
44144,,{'Ryan'},,,['Kaptur']
43711,,,,,['Johnson']
43733,,,,,['Johnson']
43757,,,,,['Johnson']
43944,,"{'Peters', 'Scott'}",,,['Johnson']
44401,,,,,['Johnson' 'Ryan']
44693,,,,,['Johnson']
44003,,,,,['Joyce']
44060,,,,,['Joyce']
44068,,,,,['Joyce']
44224,,,,,['Joyce' 'Ryan']
44418,,,,,['Joyce' 'Ryan']
44232,,,,,['Gonzalez']
44278,,,,,['Gonzalez' 'Ryan']
44112,,,,,['Fudge']
44114,,,,,['Fudge']
44137,,{'Kaptur'},,,['Fudge']
44310,,,,,['Fudge' 'Ryan']
44326,,,,,['Fudge']
45212,,,,,['Chabot' 'Wenstrup']
45216,,,,,['Chabot' 'Wenstrup']
45217,,,,,['Chabot']
45248,,,,,['Chabot']
45244,,,,,['Wenstrup']
45657,,,,,['Wenstrup']
45661,,,,,['Wenstrup']
74053,,,,,['Mullin']
74358,,,,,['Mullin']
74454,,,,,['Mullin' 'Hern']
74528,,,,,['Mullin']
74827,,,{'Smith'},,['Mullin']
74871,,,,,['Mullin' 'Cole']
73034,,{'Ryan'},,,['Lucas' 'Horn']
73040,,,,,['Lucas']
73549,,,{'Biggs'},,['Lucas']
73554,,,,,['Lucas']
73566,,,,,['Lucas' 'Cole']
73851,,,,,['Lucas']
73938,,,,,['Lucas']
74050,,,,,['Lucas']
74630,,,,,['Lucas']
74881,,,,,['Lucas']
73011,{'Cook'},,,,['Cole']
73055,,,,,['Cole']
73160,,,{'Moore'},,['Cole' 'Horn']
73503,,,,,['Cole']
73540,,,,,['Cole']
73557,,,,,['Cole']
74878,,,,,['Cole' 'Horn']
73013,,{'Ryan'},,{'Ryan'},['Horn']
74884,,{'Cole'},{'Phillips'},,['Horn']
74013,{'Cook'},,,,['Hern']
74110,,,,,['Hern']
74137,,,,,['Hern']
74141,,{'Gaetz'},,,['Hern']
74146,,,,,['Hern']
74171,,{'Lucas'},,,['Hern']
97063,,,{'DeFazio'},,['Walden']
97537,,,,,['Walden']
97539,,,,,['Walden']
97823,,,,,['Walden']
97835,,,,,['Walden']
97864,,,,,['Walden']
97869,,,,,['Walden']
97206,,,,,['Schrader' 'Blumenauer']
97302,,,,,['Schrader']
97312,{'Ryan'},,,,['Schrader']
97361,,,,,['Schrader' 'DeFazio']
97383,,,,{'Norman'},['Schrader' 'DeFazio']
97103,,,,,['Bonamici']
97144,{'Blumenauer'},,,{'Blumenauer'},['Bonamici']
97146,,,,,['Bonamici']
97239,,,,,['Bonamici' 'Blumenauer']
97298,,,,,['Bonamici']
97022,,,,,['Blumenauer']
97024,,,,,['Blumenauer']
97220,,,,,['Blumenauer']
97240,,,,{'Kelly'},['Blumenauer']
97250,{'Cook'},,,,['Blumenauer']
97466,,"{'Conaway', 'Roy'}",,,['DeFazio']
97499,,,,,['DeFazio']
97534,,,,,['DeFazio']
15742,,{'Scott'},,,['Scanlon' 'Meuser']
15864,,,{'Costa'},,['Scanlon' 'Evans']
16222,,,,,['Scanlon' 'Meuser' 'Evans']
16340,,,,,['Scanlon']
16427,,{'Gabbard'},,,['Scanlon']
16692,,,,,['Scanlon']
16729,,{'DelBene'},,,['Scanlon']
16746,{'Hill'},{'Reed'},,,['Scanlon']
16839,,{'Bishop'},,,['Scanlon']
17779,,,,,['Scanlon']
16912,,,,,['Perry' 'Keller']
17040,,,,,['Perry' 'Keller' 'Smucker']
17701,,,,,['Perry' 'Keller']
17772,,"{'Rush', 'Kennedy'}",,,['Perry' 'Keller' 'Smucker']
18434,,,,{'Cartwright'},['Perry' 'Lamb']
18435,,,,,['Perry']
18817,{'Keller'},,,{'Keller'},['Perry']
15015,{'Lamb'},,,{'Lamb'},['Keller']
15026,,,,,['Keller' 'Doyle']
15086,,,,,['Keller' 'Evans']
15237,{'Lamb'},,,,['Keller' 'Reschenthaler']
15622,,"{'Womack', 'Hill'}",,{'Reschenthaler'},['Keller' 'Doyle' 'Meuser']
15626,,{'Doyle'},,,['Keller']
15658,,,,,['Keller' 'Doyle']
15956,,,,,['Keller']
15004,{'Reschenthaler'},{'Crenshaw'},,,['Doyle']
15022,,,{'Reschenthaler'},{'Reschenthaler'},['Doyle' 'Meuser']
15053,,,,,['Doyle']
15054,,,,,['Doyle']
15102,,,,,['Doyle']
15236,,,,,['Doyle' 'Reschenthaler']
15241,,,,,['Doyle']
15430,{'Reschenthaler'},,,{'Reschenthaler'},['Meuser']
15436,,,,,['Meuser']
15437,{'Reschenthaler'},,,{'Reschenthaler'},['Meuser']
15447,,,,{'Reschenthaler'},['Meuser']
15466,,,,{'Reschenthaler'},['Meuser']
15564,,,,{'Joyce'},['Meuser']
16650,,{'Levin'},,{'Joyce'},['Meuser' 'Dean']
16664,,,,{'Joyce'},['Meuser']
17078,,,,{'Ryan'},['Meuser' 'Lamb' 'Thompson']
17220,{'Lee'},,,,['Meuser']
17256,,,,,['Meuser']
17265,,,{'Wilson'},,['Meuser']
17901,,,,,['Meuser' 'Lamb']
17932,,,,,['Meuser']
15140,,,{'Doyle'},,['Reschenthaler']
15206,,{'Doyle'},,,['Reschenthaler']
16057,{'Kelly'},{'Kelly'},{'Scott'},,['Evans']
17949,,,,,['Lamb']
18042,,,,,['Lamb' 'Cartwright' 'Thompson' 'Wild']
18045,,,,,['Lamb' 'Thompson' 'Wild']
18214,,,,,['Lamb']
18235,,{'Meuser'},{'Doyle'},,['Lamb' 'Smucker']
18252,,{'Cartwright'},,,['Lamb']
18356,,,,,['Lamb']
18519,,,,,['Lamb' 'Cartwright']
18644,,,,,['Lamb' 'Smucker']
17310,,,,,['Dean']
17371,,{'Scott'},,{'Scott'},['Dean']
17403,,"{'Perry', 'Scott'}","{'Perry', 'Scott'}",{'Scott'},['Dean']
18073,{'Fitzpatrick'},,,{'Fitzpatrick'},['Dean' 'Cartwright' 'Houlahan']
18918,,,,,['Cartwright']
18927,,{'Casten'},,,['Cartwright']
18928,,,{'Cook'},,['Cartwright']
17034,,,,,['Smucker']
17061,,"{'Perry', 'Scott'}",,,['Smucker']
18247,,,,,['Smucker']
18251,,,,,['Smucker']
18634,,,,,['Smucker']
18765,,,,,['Smucker']
18031,,,{'Ryan'},,['Thompson' 'Wild']
18078,,,,,['Thompson' 'Wild']
19526,,,,,['Thompson' 'Houlahan']
19031,,{'Evans'},,{'Dean'},['Joyce' 'Wild']
19124,,{'Evans'},,,['Joyce' 'Fitzpatrick']
19128,,{'Evans'},,,['Joyce' 'Boyle']
17569,,{'Smucker'},,,['Houlahan' 'Kelly' 'Wild']
19087,,,,,['Houlahan' 'Wild' 'Boyle']
19320,,,{'Lawrence'},,['Houlahan' 'Kelly' 'Wild']
19609,,,{'Cox'},{'Cox'},['Houlahan' 'Kelly' 'Wild']
19612,,{'Smucker'},,,['Houlahan']
17529,,,{'Scott'},,['Kelly' 'Wild']
17551,{'Walker'},{'Smucker'},,{'Smucker'},['Kelly']
17601,,{'Smucker'},"{'Miller', 'Smucker', 'King'}",{'Smucker'},['Kelly']
19443,,{'Burgess'},,,['Wild']
19142,,{'Evans'},,,['Fitzpatrick']
19147,,{'Brady'},,{'Evans'},['Fitzpatrick']
2902,,"{'Hill', 'Langevin'}",,,['Cicilline']
2910,,,,,['Cicilline' 'Langevin']
2911,,,,,['Cicilline' 'Langevin']
2917,,,,,['Cicilline']
2822,,,,,['Langevin']
2873,,,,,['Langevin']
2892,,{'Cicilline'},,,['Langevin']
2894,,,,,['Langevin']
2918,,{'Cicilline'},,,['Langevin']
29014,,,,,['Norman']
29040,,{'Timmons'},,,['Norman']
29150,,,,,['Norman' 'Clyburn']
29303,,,,,['Norman' 'Timmons']
29307,{'Scott'},{'Duncan'},,,['Norman' 'Timmons']
29209,,,,,['Clyburn' 'Wilson']
29223,,,,,['Clyburn' 'Wilson']
29436,,,,,['Clyburn']
29437,,,,,['Clyburn']
29447,,,{'Kirkpatrick'},,['Clyburn']
29472,,{'Scott'},,,['Clyburn' 'Cunningham']
29502,,{'Rice'},,,['Clyburn']
29810,,{'Thompson'},,,['Clyburn' 'Wilson']
29843,,,{'Collins'},,['Clyburn' 'Wilson']
29918,,,,,['Clyburn']
29847,,,,,['Wilson' 'Duncan']
29037,,,,,['Duncan']
29624,,,"{'Cox', 'Craig'}",,['Duncan']
29640,,,,,['Duncan']
29659,,,,,['Duncan']
29684,,,,,['Duncan']
29079,,,,,['Rice']
29519,,,,,['Rice']
29541,,,,,['Rice']
29567,,{'Sensenbrenner'},,,['Rice']
29568,,,,,['Rice']
29365,,,,,['Timmons']
29687,,,{'Hill'},,['Timmons']
29423,,,,,['Cunningham']
29903,,,,,['Cunningham']
29904,,,,,['Cunningham']
37307,,,{'Johnson'},,['Fleischmann']
37317,,,,,['Fleischmann']
37405,,,,,['Fleischmann' 'DesJarlais']
37412,,,{'Dean'},,['Fleischmann']
37807,,,,,['Fleischmann' 'Burchett']
37847,,,,,['Fleischmann' 'Burchett']
37026,,{'Brindisi'},,,['Rose']
37151,,,,,['Rose']
38503,,,,,['Rose']
38544,,,,,['Rose']
38549,,{'Kelly'},"{'Kelly', 'Scott'}",,['Rose']
38564,,,,,['Rose']
37014,,{'Cooper'},,,['Green' 'DesJarlais']
37064,,,,,['Green' 'Cooper' 'DesJarlais']
37175,{'Stewart'},,,,['Green']
37181,,,,,['Green' 'Cooper']
38044,,,,,['Green']
38183,,{'Kustoff'},,,['Green']
37214,,,,,['Cooper']
37306,,,,,['DesJarlais']
37334,,,,,['DesJarlais']
37398,,,,,['DesJarlais']
38017,,,,,['Kustoff']
38135,,"{'Scott', 'DesJarlais'}",,,['Kustoff' 'Cohen']
38238,,,,,['Kustoff']
38258,,,,,['Kustoff']
38261,,,{'Harris'},,['Kustoff']
38330,,,{'Curtis'},{'Curtis'},['Kustoff']
37645,,{'Griffith'},,,['Roe']
37863,,,,,['Roe']
37879,,,,,['Roe' 'Burchett']
38054,,,,,['Cohen']
38109,,,,,['Cohen']
73301,,{'Williams'},,,['Doggett']
78209,,{'Cuellar'},,,['Doggett' 'Roy' 'Castro']
78210,,{'Castro'},,,['Doggett' 'Hurd']
78214,,,,,['Doggett' 'Hurd' 'Castro']
78218,,,{'Castro'},,['Doggett' 'Roy' 'Cuellar']
78228,,,,,['Doggett' 'Castro']
78719,,,{'Guest'},,['Doggett']
78741,,,,,['Doggett' 'Roy']
78744,,,,,['Doggett' 'Roy']
78748,,{'Williams'},,,['Doggett' 'Roy']
78754,,,,,['Doggett' 'Flores' 'McCaul']
76311,,,,,['Thornberry']
76379,,,,,['Thornberry']
76460,,,,,['Thornberry' 'Arrington']
76483,,,,,['Thornberry' 'Arrington']
79010,,,,,['Thornberry']
79011,,,,,['Thornberry']
79220,,,,,['Thornberry']
79241,,{'Arrington'},,,['Thornberry']
79247,,{'Cook'},,,['Thornberry']
75016,,,,,['Marchant']
75056,,,,,['Marchant' 'Burgess']
75209,,,,,['Marchant' 'Allred' 'Johnson']
75025,,,,,['Taylor']
75078,{'Cook'},{'Johnson'},,,['Taylor' 'Burgess' 'Ratcliffe']
75121,,,,,['Taylor']
75442,,,,,['Taylor' 'Ratcliffe']
76247,,,,,['Burgess' 'Granger']
75434,,,,,['Ratcliffe']
75444,"{'Pallone', 'Tonko'}",,,,['Ratcliffe']
75456,{'Gohmert'},{'Smith'},{'Cole'},{'Cole'},['Ratcliffe']
75477,,,,,['Ratcliffe']
75497,,,,,['Ratcliffe' 'Gooden']
75560,,,,{'Cook'},['Ratcliffe']
75562,,,,,['Ratcliffe']
75604,,,,,['Ratcliffe' 'Gohmert']
75221,,,,,['Veasey']
76011,,{'Burgess'},,,['Veasey' 'Wright']
76115,,,,,['Veasey' 'Granger']
75047,,{'Johnson'},,,['Allred']
75204,,,,,['Allred' 'Johnson']
75226,,,,,['Allred' 'Johnson']
75127,,{'Ratcliffe'},,,['Gooden']
75159,,,{'Meadows'},,['Gooden' 'Johnson']
75161,,,,,['Gooden']
75357,,,,,['Gooden']
75764,,,,,['Gooden']
75119,,{'Johnson'},,,['Wright']
75859,,,,,['Wright' 'Flores']
76065,,,,,['Wright' 'Johnson']
76648,,,,{'Hill'},['Wright' 'Flores' 'Williams']
75339,,,,,['Johnson']
75376,,,,,['Johnson']
75681,,,,,['Gohmert']
75704,,,,,['Gohmert']
75712,,,,,['Gohmert']
75901,,,,,['Gohmert']
75965,{'Bishop'},,,,['Gohmert']
75969,,,,,['Gohmert']
75840,,,,,['Flores']
75848,,,,,['Flores']
75855,,,,,['Flores']
76643,,,,,['Flores']
76685,,{'Palmer'},,,['Flores']
76716,{'Johnson'},{'Johnson'},,,['Flores']
77868,,,,,['Flores' 'Brady' 'McCaul']
75850,,{'Upton'},,,['Brady']
77340,,,,{'Walker'},['Brady']
77388,,,,,['Brady' 'Crenshaw']
77393,,{'McCaul'},,,['Brady']
77872,,{'Flores'},,,['Brady']
75928,,{'Cuellar'},,,['Babin']
75979,,,,,['Babin']
77034,,,,,['Babin' 'Garcia' 'Olson']
77062,,,,,['Babin' 'Olson']
77508,"{'Butterfield', 'Cook'}",,,,['Babin']
77521,,{'Garcia'},,,['Babin']
77616,,"{'Clay', 'Smith'}",,,['Babin']
77660,,,,,['Babin']
76008,,,,,['Granger']
76126,,,,{'Craig'},['Granger']
76132,,,,{'Veasey'},['Granger']
76550,,,,,['Williams']
76558,,,,,['Williams']
76645,,,{'Harris'},,['Williams']
76463,,,,,['Conaway']
76855,,,,,['Conaway']
76888,,,,,['Conaway']
78672,,,,,['Conaway']
79541,,,,,['Conaway' 'Arrington']
79760,,,,,['Conaway']
79314,,,,,['Arrington']
79322,,,,,['Arrington']
79339,,,,,['Arrington']
79371,,,,,['Arrington']
79539,,,,{'DeSaulnier'},['Arrington']
77978,,,,,['Cloud']
77990,,,,,['Cloud']
78335,,{'Gonzalez'},,,['Cloud']
78402,,,,,['Cloud']
78403,{'Vela'},,,,['Cloud']
78414,,,,,['Cloud']
78465,,,,,['Cloud']
78941,,{'Doggett'},{'Cuellar'},,['Cloud' 'McCaul']
78957,,{'Williams'},,,['Cloud' 'McCaul']
76501,,,,,['Carter']
76547,{'Shimkus'},{'Shimkus'},,,['Carter']
78651,{'Cook'},{'Doggett'},,,['Carter']
78231,,,,{'Larson'},['Roy' 'Hurd' 'Castro']
78261,,{'Hurd'},,{'Larson'},['Roy']
78715,,{'Williams'},,,['Roy']
78016,,{'Doggett'},,,['Hurd']
79777,,{'Lynch'},,,['Hurd']
79848,,,,,['Hurd']
77021,,{'Garcia'},,,['Jackson Lee' 'Green']
77023,,,,,['Jackson Lee' 'Garcia']
77026,,{'Lee'},,,['Jackson Lee' 'Garcia']
77076,,,,,['Jackson Lee' 'Garcia']
77078,,{'Garcia'},,,['Jackson Lee']
77266,,,,,['Crenshaw']
77269,{'Harris'},{'Lee'},,,['Crenshaw']
77089,,,,,['Garcia' 'Olson']
77220,,"{'Fletcher', 'Harris'}",,,['Garcia']
77031,,{'Olson'},,,['Green']
77042,,,,,['Green' 'Fletcher']
77071,,{'Olson'},,,['Green']
77085,,{'Olson'},,,['Green']
77407,{'Cook'},,,,['Green' 'Olson']
77244,,{'Olson'},,,['Fletcher']
77401,,,"{'Allen', 'Green'}",{'McCaul'},['Fletcher']
77449,,,,,['Fletcher' 'McCaul']
77494,,,,,['Olson' 'McCaul']
78960,,,,,['McCaul']
77531,,,,,['Weber']
77554,,,,,['Weber']
77613,,,,,['Weber']
77701,,,,,['Weber']
77702,,,,,['Weber']
77967,,,,,['Vela']
78568,,,,,['Vela']
78569,,,,,['Vela' 'Gonzalez']
78592,,,,,['Vela']
78593,,{'McHenry'},,,['Vela']
78597,,,,,['Vela']
78263,,,{'Castro'},{'Castro'},['Cuellar']
78536,,{'Gonzalez'},,,['Cuellar']
78547,,{'Gonzalez'},,,['Cuellar']
78573,,,,,['Cuellar' 'Gonzalez']
78143,,,,,['Gonzalez']
78155,,,,,['Gonzalez']
78360,,,,,['Gonzalez']
78505,,,,,['Gonzalez']
78225,,,,,['Castro']
78269,,{'Doggett'},,,['Castro']
79903,,,{'Gonzalez'},,['Escobar']
79944,,{'Neguse'},,,['Escobar']
79955,,,,,['Escobar']
79968,,,,,['Escobar']
84007,,,,,['Bishop']
84056,,,{'Hill'},,['Bishop']
84075,,,,,['Bishop']
84331,,,,,['Bishop']
84334,,,,,['Bishop']
84020,,,,,['Curtis' 'McAdams']
84032,,,,,['Curtis']
84042,,,,,['Curtis']
84124,,{'Stewart'},,,['Curtis' 'McAdams']
84512,,,,,['Curtis']
84528,,,,,['Curtis']
84534,,,,,['Curtis']
84604,,,,,['Curtis']
84129,,{'Stewart'},,,['McAdams']
84645,,,,,['McAdams']
84662,,{'Johnson'},,,['McAdams']
84102,,,,,['Stewart']
84112,,,,,['Stewart']
84635,,,,,['Stewart']
84710,,"{'Allen', 'Green'}",,,['Stewart']
84743,,{'Schweikert'},{'Schweikert'},{'Lee'},['Stewart']
84758,,,,,['Stewart']
84764,,,,,['Stewart']
84779,,,,,['Stewart']
20159,,,,,['Wexton']
22182,,,,,['Wexton' 'Connolly']
22603,,,,,['Wexton']
22719,,,,,['Riggleman']
22942,,,,,['Riggleman' 'Spanberger']
23040,,,,,['Riggleman']
23093,,{'Wittman'},,,['Riggleman' 'Spanberger']
23909,,,,,['Riggleman']
23934,,{'Delgado'},,,['Riggleman']
23970,,{'Levin'},,,['Riggleman']
24570,,"{'Clay', 'Webster'}",,,['Riggleman' 'Cline']
22989,,,,{'Riggleman'},['Spanberger']
23235,,,,,['Spanberger' 'McEachin']
23930,,,,,['Spanberger']
22460,,,,,['Wittman']
22472,,,,,['Wittman']
22511,,,,,['Wittman']
22523,,,,,['Wittman']
23086,,{'King'},{'King'},,['Wittman']
23128,,,,,['Wittman']
23140,{'Turner'},,,,['Wittman' 'McEachin' 'Scott']
23180,,,,,['Wittman']
20192,,,,,['Connolly']
22032,,,{'Sarbanes'},"{'Sarbanes', 'Wexton'}",['Connolly']
22043,,{'DeSaulnier'},,,['Connolly' 'Beyer']
22217,,,,,['Beyer']
22812,,,,,['Cline']
24001,,{'Lee'},,,['Cline']
24090,,,,,['Cline']
24514,,,,,['Cline']
24574,,,,,['Cline']
24579,,,,,['Cline']
23220,,,,,['McEachin' 'Scott']
23284,,,,,['McEachin' 'Scott']
23298,,,,,['McEachin' 'Scott']
23314,,,,,['McEachin' 'Scott']
23430,,,,,['McEachin' 'Scott']
23881,,,,,['McEachin' 'Scott']
23505,,,,,['Scott' 'Luria']
23541,,,,,['Scott']
23612,,,,,['Scott']
23666,,,,,['Scott' 'Luria']
23303,,,,,['Luria']
23421,,,,,['Luria']
23511,,,,,['Luria']
24073,,,,,['Griffith']
24218,,,"{'Hill', 'Harris'}",,['Griffith']
24347,,,,,['Griffith']
24614,,,,,['Griffith']
24631,,,,,['Griffith']
24639,,,,,['Griffith']
99040,,,,,['McMorris Rodgers']
99136,,,,,['McMorris Rodgers']
99176,,,,,['McMorris Rodgers']
99214,,,,,['McMorris Rodgers']
99260,,,,,['McMorris Rodgers']
99328,,,,,['McMorris Rodgers']
98042,,,,,['Schrier' 'Smith']
98372,,,,,['Schrier' 'Heck']
98374,,{'Schakowsky'},,,['Schrier' 'Heck']
98015,,"{'Schrier', 'Kim'}",,,['Smith']
98093,,{'Jayapal'},,,['Smith']
98122,,,,,['Smith' 'Jayapal']
98264,,,,,['DelBene']
98266,,{'Larsen'},,,['DelBene']
98274,,,,,['DelBene' 'Larsen']
98281,,,,,['DelBene']
98291,,{'Larsen'},,,['DelBene']
98046,,{'Jayapal'},"{'Schrier', 'Kim'}",,['Larsen']
98236,{'Cook'},,"{'Schrier', 'Kim'}","{'Schrier', 'Kim'}",['Larsen']
98243,,,,,['Larsen']
98271,,,,,['Larsen']
98103,,,,,['Jayapal']
98109,,,{'Abraham'},,['Jayapal']
98174,,,,"{'Dunn', 'King'}",['Jayapal']
98181,{'King'},,{'Abraham'},"{'Schrier', 'Kim'}",['Jayapal']
98364,,,,,['Kilmer']
98381,,,,,['Kilmer']
98466,{'Cook'},,,,['Kilmer' 'Heck']
98467,,,,,['Kilmer' 'Heck']
98535,,,,,['Kilmer']
98563,,,,,['Kilmer']
98373,,,,,['Heck']
98443,,{'Kilmer'},,{'Kilmer'},['Heck']
98445,,,,,['Heck']
98496,,{'Smith'},,,['Heck']
98576,,,"{'Schrier', 'Kim'}",,['Heck' 'Herrera Beutler']
98530,,,,,['Herrera Beutler']
98855,,,,,['Newhouse']
98921,,,,,['Newhouse']
98930,,,,,['Newhouse']
98944,,,,,['Newhouse']
99302,,,{'Lawson'},{'Lawson'},['Newhouse']
99349,,,,,['Newhouse']
25019,,{'Case'},,,['Mooney']
25033,,{'Yarmuth'},,,['Mooney']
25162,,{'McCarthy'},,,['Mooney']
25259,,,,,['Mooney']
25364,,,,,['Mooney']
26234,,,,,['Mooney']
26817,,,{'Delgado'},,['Mooney']
26823,,,,,['Mooney']
24740,,,,,['Miller']
24836,,,,,['Miller']
24854,,,,,['Miller']
24944,,,,,['Miller']
25573,,,,,['Miller']
25647,,{'Long'},,,['Miller']
25671,,,,,['Miller']
25888,,,,,['Miller']
25909,,{'Ocasio-Cortez'},,,['Miller']
26264,,{'Westerman'},,,['Miller']
26678,,{'Schweikert'},,,['Miller']
26104,,{'Johnson'},,,['McKinley']
26167,,{'Lee'},,,['McKinley']
26361,,{'McNerney'},{'Bishop'},,['McKinley']
26421,,,,,['McKinley']
26424,,,,,['McKinley']
26434,,,,,['McKinley']
26440,,{'Scalise'},,,['McKinley']
26508,,,,,['McKinley']
26739,{'Stanton'},"{'Kelly', 'Horn', 'Schakowsky'}",,,['McKinley']
53019,,,,,['Grothman']
53026,,,"{'Jordan', 'Mullin'}",,['Grothman']
53042,,,,,['Grothman' 'Gallagher']
53061,,,,{'Hill'},['Grothman' 'Gallagher']
53532,,,,,['Grothman' 'Pocan']
53913,,,,,['Grothman' 'Pocan']
53932,,,,,['Grothman' 'Sensenbrenner']
53956,,,,,['Grothman' 'Sensenbrenner']
54207,,,,,['Grothman']
54232,,,,,['Grothman']
54947,,,{'Larsen'},,['Grothman' 'Gallagher']
54966,{'Cook'},,,,['Grothman' 'Kind']
53003,,,,,['Sensenbrenner']
53007,,,"{'Brown', 'Wagner'}",,['Sensenbrenner' 'Moore']
53066,,,,,['Sensenbrenner' 'Steil']
53224,,,,,['Moore']
54115,,,,,['Gallagher']
54136,,,{'Miller'},,['Gallagher']
54302,,,,,['Gallagher']
53125,,,,,['Steil']
53127,,,,,['Steil']
53142,{'Cook'},,,,['Steil']
53149,,,,,['Steil']
53195,,,,,['Steil']
53404,,,,,['Steil']
53502,,,,,['Pocan']
53531,,,,,['Pocan']
53543,,,,,['Pocan' 'Kind']
53562,,,,,['Pocan']
53571,,,,,['Pocan']
53574,,,,,['Pocan']
53959,,,,,['Pocan']
53518,,{'Brownley'},,,['Kind']
54410,,"{'Cloud', 'King'}",,,['Kind']
54473,,,,,['Kind']
54601,,,,,['Kind']
54610,,,,,['Kind']
54730,,,{'Brown'},,['Kind']
,,,,,866
